{"epoch": 2, "train_loss": 0.6618129014968872, "val_acc": 0.4403606102635229, "val_loss": 0.715729296207428, "true_pos": 0.7679083094555874, "true_neg": 0.3952662721893491, "_timestamp": 1681426147.651, "_runtime": 52.66576790809631, "_step": 1, "_wandb": {"runtime": 52}}