{"acc": 0.6126433501190225, "loss": 0.27557743849037664, "_timestamp": 1681323603.6119905, "_runtime": 0.6386964321136475, "_step": 2, "_wandb": {"runtime": 0}}