{"epoch": 2, "train_loss": 0.4358581602573395, "val_acc": 0.8689320388349514, "val_loss": 0.4288802742958069, "true_pos": 0.025787965616045846, "true_neg": 0.9850098619329388, "_timestamp": 1681426086.0446053, "_runtime": 72.69929623603821, "_step": 1, "_wandb": {"runtime": 72}}