{"epoch": 4, "train_loss": 0.5583869814872742, "val_acc": 0.7784327323162274, "val_loss": 0.391012966632843, "_timestamp": 1681328259.3468504, "_runtime": 302.84669828414917, "_step": 3}